"Gene","p.adj_Control_vs_Ctrl_HFHS","p.adj_Lact_HFHS_vs_Lactation","p.adj_Postweaning_vs_Pw_HFHS","p.signif_Control_vs_Ctrl_HFHS","p.signif_Lact_HFHS_vs_Lactation","p.signif_Postweaning_vs_Pw_HFHS","n1_Control_vs_Ctrl_HFHS","n1_Lact_HFHS_vs_Lactation","n1_Postweaning_vs_Pw_HFHS","n2_Control_vs_Ctrl_HFHS","n2_Lact_HFHS_vs_Lactation","n2_Postweaning_vs_Pw_HFHS"
"Cfd",0.293,0.00589,0.987,"ns","***","ns",5,5,3,5,7,5
"Cyp2e1",0.59,0.00333,0.784,"ns","***","ns",5,5,3,5,7,5
"Lep",0.0668,0.00372,0.474,"*","***","ns",5,5,3,5,7,5
"Prelp",0.479,0.0059,0.757,"ns","***","ns",5,5,3,5,7,5
"Tkt",0.0539,0.00704,0.149,"*","***","ns",5,5,3,5,7,5
"Ces1d",0.28,0.00443,0.785,"ns","***","ns",5,5,3,5,7,5
"Npr3",0.164,4.2e-06,0.765,"ns","****","ns",5,5,3,5,7,5
"Aldh2",0.253,0.0235,0.705,"ns","**","ns",5,5,3,5,7,5
"Gpx3",0.12,0.0075,0.42,"ns","***","ns",5,5,3,5,7,5
"Fads3",0.884,0.0231,0.61,"ns","**","ns",5,5,3,5,7,5
"Ifi27l2a",0.327,0.0339,0.499,"ns","**","ns",5,5,3,5,7,5
"Lpgat1",0.0897,0.00112,0.37,"*","****","ns",5,5,3,5,7,5
"Trp53inp2",0.255,0.00165,0.55,"ns","***","ns",5,5,3,5,7,5
"Tusc5",0.34,0.0257,0.75,"ns","**","ns",5,5,3,5,7,5
"Epb41l2",0.156,0.000266,0.899,"ns","****","ns",5,5,3,5,7,5
"Cyb5b",0.542,0.00597,0.795,"ns","***","ns",5,5,3,5,7,5
"Mest",0.202,0.00263,0.438,"ns","***","ns",5,5,3,5,7,5
"Aco2",0.272,0.0248,0.718,"ns","**","ns",5,5,3,5,7,5
"Pygb",0.259,0.0252,0.417,"ns","**","ns",5,5,3,5,7,5
"Acp5",0.0746,0.0449,0.919,"*","**","ns",5,5,3,5,7,5
"Ephx2",0.826,0.0341,0.405,"ns","**","ns",5,5,3,5,7,5
"Hadh",0.352,0.0449,0.861,"ns","**","ns",5,5,3,5,7,5
"Pmepa1",0.471,0.0183,0.551,"ns","**","ns",5,5,3,5,7,5
"Fmr1",0.848,0.00506,0.513,"ns","***","ns",5,5,3,5,7,5
"Atp5c1",0.0572,0.00609,0.632,"*","***","ns",5,5,3,5,7,5
"Dgat1",0.315,0.0367,0.848,"ns","**","ns",5,5,3,5,7,5
"C130074G19Rik",0.475,0.00459,0.475,"ns","***","ns",5,5,3,5,7,5
"Nudt4",0.966,0.00925,0.838,"ns","***","ns",5,5,3,5,7,5
"Dmpk",0.709,0.0435,0.655,"ns","**","ns",5,5,3,5,7,5
"Lbp",0.519,0.0386,0.43,"ns","**","ns",5,5,3,5,7,5
"Igfbp6",0.317,0.0368,0.761,"ns","**","ns",5,5,3,5,7,5
"Aco1",0.988,0.0235,0.988,"ns","**","ns",5,5,3,5,7,5
"Pygl",0.0573,0.0407,0.91,"*","**","ns",5,5,3,5,7,5
"Gpt2",0.105,0.0256,0.721,"*","**","ns",5,5,3,5,7,5
"Ivd",0.177,0.0228,0.809,"ns","**","ns",5,5,3,5,7,5
"Map7d1",0.864,0.00637,0.27,"ns","***","ns",5,5,3,5,7,5
"Sfrp5",0.383,0.00292,0.546,"ns","***","ns",5,5,3,5,7,5
"Cald1",0.738,0.0324,0.634,"ns","**","ns",5,5,3,5,7,5
"Pam",0.221,0.00668,0.594,"ns","***","ns",5,5,3,5,7,5
"Aldh1a7",0.47,0.00844,0.0896,"ns","**","*",5,5,3,5,7,5
"Adamts5",0.929,0.00122,0.929,"ns","****","ns",5,5,3,5,7,5
"Atp6v0a1",0.751,0.0366,0.355,"ns","**","ns",5,5,3,5,7,5
"Enpp2",0.552,0.003,0.682,"ns","***","ns",5,5,3,5,7,5
"Tmem135",0.57,0.00117,0.975,"ns","****","ns",5,5,3,5,7,5
"Ccng1",0.606,0.0445,0.97,"ns","**","ns",5,5,3,5,7,5
"Insig1",0.113,0.00947,0.813,"*","***","ns",5,5,3,5,7,5
"Pccb",0.118,0.0455,0.858,"*","**","ns",5,5,3,5,7,5
"Bcat2",0.104,0.00126,0.896,"*","***","ns",5,5,3,5,7,5
"Agt",0.0666,0.0198,0.941,"*","**","ns",5,5,3,5,7,5
"Lctl",0.0683,0.0456,0.577,"*","**","ns",5,5,3,5,7,5
"Pcyox1",0.354,0.00513,0.76,"ns","***","ns",5,5,3,5,7,5
"Idh3b",0.0972,0.0385,0.805,"*","**","ns",5,5,3,5,7,5
"Ndufv1",0.0685,0.0261,0.732,"*","**","ns",5,5,3,5,7,5
"Fam13a",0.684,0.0449,0.643,"ns","**","ns",5,5,3,5,7,5
"Palmd",0.801,0.00464,0.561,"ns","***","ns",5,5,3,5,7,5
"Degs1",0.8,0.0177,0.604,"ns","**","ns",5,5,3,5,7,5
"Idh3g",0.0949,0.0194,0.645,"*","**","ns",5,5,3,5,7,5
"Mycbp2",0.378,0.0155,0.37,"ns","**","ns",5,5,3,5,7,5
"Thbd",0.0782,0.0102,0.93,"*","**","ns",5,5,3,5,7,5
"Uqcrc2",0.21,0.0269,0.934,"*","**","ns",5,5,3,5,7,5
"Gpat4",0.908,0.0053,0.287,"ns","***","ns",5,5,3,5,7,5
"Hmgcs1",0.355,0.00212,0.624,"ns","***","ns",5,5,3,5,7,5
"Dusp3",0.519,0.0211,0.919,"ns","**","ns",5,5,3,5,7,5
"Upk3b",0.82,0.0493,0.88,"ns","**","ns",5,5,3,5,7,5
"Itga6",0.599,0.000632,0.716,"ns","****","ns",5,5,3,5,7,5
"Lhfpl2",0.762,0.00653,0.418,"ns","***","ns",5,5,3,5,7,5
"Sfxn1",0.502,0.016,0.778,"ns","**","ns",5,5,3,5,7,5
"Tsc22d1",0.284,0.0388,0.783,"ns","**","ns",5,5,3,5,7,5
"Wwtr1",0.929,0.0172,0.821,"ns","**","ns",5,5,3,5,7,5
"Ehbp1l1",0.731,0.0409,0.76,"ns","**","ns",5,5,3,5,7,5
"Parp3",0.571,0.0236,0.908,"ns","**","ns",5,5,3,5,7,5
"Paqr9",0.137,0.000108,0.677,"ns","****","ns",5,5,3,5,7,5
"Ndufa10",0.169,0.0433,0.816,"*","**","ns",5,5,3,5,7,5
"Eci1",0.136,0.0301,0.735,"*","**","ns",5,5,3,5,7,5
"Fmo1",0.29,0.000525,0.362,"ns","****","ns",5,5,3,5,7,5
"Bcar3",0.697,0.000466,0.247,"ns","****","ns",5,5,3,5,7,5
"Fam20c",0.666,0.00944,0.521,"ns","**","ns",5,5,3,5,7,5
"Tspan17",0.837,0.0483,0.8,"ns","**","ns",5,5,3,5,7,5
"Gde1",0.0756,0.0165,0.438,"*","**","ns",5,5,3,5,7,5
"S100a1",0.0695,0.0172,0.807,"*","**","ns",5,5,3,5,7,5
"Uck1",0.0972,0.015,0.987,"*","**","ns",5,5,3,5,7,5
"Pcbp2",0.335,0.0448,0.37,"ns","**","ns",5,5,3,5,7,5
"Ephx1",0.209,0.0226,0.835,"ns","**","ns",5,5,3,5,7,5
"Klhl5",0.76,0.0297,0.759,"ns","**","ns",5,5,3,5,7,5
"Nat8l",0.196,0.000524,0.281,"ns","****","ns",5,5,3,5,7,5
"Isoc2a",0.057,0.0185,0.88,"*","**","ns",5,5,3,5,7,5
"Rbbp4",0.17,0.00955,0.677,"ns","**","ns",5,5,3,5,7,5
"Vldlr",0.247,0.0154,0.953,"ns","**","ns",5,5,3,5,7,5
"Hspa12a",0.735,0.00214,0.488,"ns","***","ns",5,5,3,5,7,5
"Olfm1",0.53,0.0175,0.211,"ns","**","ns",5,5,3,5,7,5
"Lpcat3",0.164,0.00107,0.0821,"ns","****","*",5,5,3,5,7,5
"Sept9",0.685,0.0214,0.661,"ns","**","ns",5,5,3,5,7,5
"Kpna4",0.916,0.0252,0.43,"ns","**","ns",5,5,3,5,7,5
"Sc5d",0.0757,0.00752,0.657,"*","***","ns",5,5,3,5,7,5
"Acadvl",0.197,0.008,0.921,"ns","**","ns",5,5,3,5,7,5
"Kmt5a",0.82,0.0371,0.82,"ns","**","ns",5,5,3,5,7,5
"Dbp",0.825,0.0231,0.78,"ns","**","ns",5,5,3,5,7,5
"Gys1",0.656,0.0317,0.537,"ns","**","ns",5,5,3,5,7,5
"Mpdz",0.145,0.00313,0.877,"ns","***","ns",5,5,3,5,7,5
"C1ra",0.595,0.0259,0.818,"ns","**","ns",5,5,3,5,7,5
"Hr",0.272,4.37e-05,0.802,"ns","****","ns",5,5,3,5,7,5
"Ptger3",0.71,0.000297,0.116,"ns","****","ns",5,5,3,5,7,5
"Ces1f",0.817,0.0057,0.628,"ns","***","ns",5,5,3,5,7,5
"Rbm28",0.245,0.00585,0.891,"ns","***","ns",5,5,3,5,7,5
"Sqor",0.183,0.00334,0.579,"ns","***","ns",5,5,3,5,7,5
"Podn",0.98,0.0179,0.903,"ns","**","ns",5,5,3,5,7,5
"Vkorc1l1",0.348,0.00247,0.682,"ns","***","ns",5,5,3,5,7,5
"Copg2",0.0881,0.00669,0.556,"*","***","ns",5,5,3,5,7,5
"Ctcflos",0.247,0.0232,0.734,"ns","**","ns",5,5,3,5,7,5
"Cdr2",0.615,0.00975,0.373,"ns","***","ns",5,5,3,5,7,5
"Kpna6",0.29,0.0316,0.815,"ns","**","ns",5,5,3,5,7,5
"Bicd2",0.753,0.0237,0.516,"ns","**","ns",5,5,3,5,7,5
"Psme4",0.116,0.032,0.692,"*","**","ns",5,5,3,5,7,5
"Marc1",0.418,0.0056,0.686,"ns","***","ns",5,5,3,5,7,5
"Unc119",0.603,0.0263,0.943,"ns","**","ns",5,5,3,5,7,5
"Ppp2r5b",0.291,0.00405,0.391,"ns","***","ns",5,5,3,5,7,5
"Gas1",0.757,0.00255,0.757,"ns","***","ns",5,5,3,5,7,5
"Celf1",0.135,0.0436,0.817,"ns","*","ns",5,5,3,5,7,5
"Fbln1",0.782,0.0192,0.888,"ns","**","ns",5,5,3,5,7,5
"Oplah",0.648,0.0302,0.982,"ns","**","ns",5,5,3,5,7,5
"Nek6",0.553,0.0165,0.528,"ns","**","ns",5,5,3,5,7,5
"Coasy",0.133,0.0298,0.769,"ns","**","ns",5,5,3,5,7,5
"Tdrd7",0.0974,0.00108,0.826,"*","****","ns",5,5,3,5,7,5
"Ptprs",0.253,0.0171,0.765,"ns","**","ns",5,5,3,5,7,5
"Tob1",0.164,0.0309,0.271,"ns","**","ns",5,5,3,5,7,5
"Dtnbp1",0.169,0.0141,0.626,"ns","**","ns",5,5,3,5,7,5
"Pcolce2",0.266,0.000816,0.565,"ns","****","ns",5,5,3,5,7,5
"Tsc22d2",0.81,0.000951,0.897,"ns","****","ns",5,5,3,5,7,5
"Ffar2",0.743,0.0224,0.855,"ns","**","ns",5,5,3,5,7,5
"Mme",0.306,0.0476,0.14,"ns","**","*",5,5,3,5,7,5
"Palld",0.653,0.00594,0.696,"ns","***","ns",5,5,3,5,7,5
"Vac14",0.839,0.0453,0.821,"ns","**","ns",5,5,3,5,7,5
"Nln",0.416,0.0211,0.689,"ns","**","ns",5,5,3,5,7,5
"Vgll3",0.839,0.00137,0.839,"ns","****","ns",5,5,3,5,7,5
"Larp4b",0.104,0.0195,0.855,"*","**","ns",5,5,3,5,7,5
"Map1a",0.0551,0.000158,0.694,"*","****","ns",5,5,3,5,7,5
"Fgf13",0.93,0.0104,0.228,"ns","***","ns",5,5,3,5,7,5
"Rnf114",0.291,0.0418,0.889,"ns","**","ns",5,5,3,5,7,5
"Pde7a",0.154,0.00366,0.801,"ns","***","ns",5,5,3,5,7,5
"Nsdhl",0.622,0.0107,0.65,"ns","***","ns",5,5,3,5,7,5
"Slc5a6",0.925,0.0145,0.877,"ns","**","ns",5,5,3,5,7,5
"Erlin2",0.461,0.00869,0.887,"ns","***","ns",5,5,3,5,7,5
"Fdft1",0.758,0.00813,0.963,"ns","**","ns",5,5,3,5,7,5
"Gstt1",0.508,0.0394,0.936,"ns","**","ns",5,5,3,5,7,5
"Bckdha",0.247,0.0401,0.967,"ns","**","ns",5,5,3,5,7,5
"Srpx2",0.746,0.0174,0.746,"ns","**","ns",5,5,3,5,7,5
"C2",0.277,0.00207,0.964,"ns","***","ns",5,5,3,5,7,5
"1700047G03Rik",0.262,0.00191,0.795,"ns","***","ns",5,5,3,5,7,5
"Fbxo31",0.285,0.0216,0.435,"ns","**","ns",5,5,3,5,7,5
"Hdac3",0.444,0.0111,0.923,"ns","**","ns",5,5,3,5,7,5
"Irak2",0.499,0.0376,0.868,"ns","**","ns",5,5,3,5,7,5
"Asns",0.263,0.015,0.746,"ns","***","ns",5,5,3,5,7,5
"Rasl12",0.382,0.00271,0.382,"ns","***","ns",5,5,3,5,7,5
"Apc",0.0521,0.0412,0.968,"*","**","ns",5,5,3,5,7,5
"Pde4dip",0.932,0.0285,0.692,"ns","**","ns",5,5,3,5,7,5
"Daxx",0.493,0.0187,0.749,"ns","**","ns",5,5,3,5,7,5
"Gpc1",0.944,0.0297,0.289,"ns","**","ns",5,5,3,5,7,5
"Zfp503",0.508,0.0015,0.65,"ns","***","ns",5,5,3,5,7,5
"Lrig1",0.703,0.0349,0.116,"ns","**","*",5,5,3,5,7,5
"Xpot",0.16,0.0365,0.993,"ns","**","ns",5,5,3,5,7,5
"Slc5a3",0.454,0.0191,0.689,"ns","**","ns",5,5,3,5,7,5
"Pbx1",0.136,0.0419,0.277,"ns","*","ns",5,5,3,5,7,5
"Exoc4",0.172,0.0016,0.889,"ns","***","ns",5,5,3,5,7,5
"Jpt2",0.841,0.00355,0.392,"ns","***","ns",5,5,3,5,7,5
"Nedd9",0.103,0.00819,0.146,"*","***","ns",5,5,3,5,7,5
"Coq8a",0.47,0.0382,0.473,"ns","**","ns",5,5,3,5,7,5
"Itga1",0.172,0.00779,0.683,"ns","***","ns",5,5,3,5,7,5
"Agfg2",0.247,0.0315,0.247,"ns","**","ns",5,5,3,5,7,5
"C7",0.504,0.022,0.283,"ns","**","ns",5,5,3,5,7,5
"Hivep2",0.305,0.0403,0.837,"ns","**","ns",5,5,3,5,7,5
"Sgms1",0.0638,0.00163,0.939,"*","***","ns",5,5,3,5,7,5
"Tapt1",0.446,0.0421,0.659,"ns","**","ns",5,5,3,5,7,5
"Plxna2",0.168,0.0242,0.399,"ns","**","ns",5,5,3,5,7,5
"Tcf20",0.809,0.043,0.793,"ns","**","ns",5,5,3,5,7,5
"Gpd2",0.13,0.00453,0.419,"ns","***","ns",5,5,3,5,7,5
"Vhl",0.191,0.0282,0.521,"ns","**","ns",5,5,3,5,7,5
"Dcbld2",0.16,0.0113,0.831,"ns","***","ns",5,5,3,5,7,5
"Ccdc6",0.201,0.0106,0.247,"ns","**","ns",5,5,3,5,7,5
"Zfp423",0.454,0.00843,0.134,"ns","**","*",5,5,3,5,7,5
"Lss",0.1,0.00668,0.61,"*","***","ns",5,5,3,5,7,5
"Penk",0.889,0.0218,0.889,"ns","**","ns",5,5,3,5,7,5
"Bmp3",0.998,0.00187,0.684,"ns","***","ns",5,5,3,5,7,5
"Slc20a2",0.987,0.0296,0.748,"ns","**","ns",5,5,3,5,7,5
"Lgr4",0.332,0.00302,0.243,"ns","***","ns",5,5,3,5,7,5
"Slc43a1",0.295,0.0281,0.625,"ns","**","ns",5,5,3,5,7,5
"Nedd4l",0.147,0.0131,0.723,"ns","***","ns",5,5,3,5,7,5
"Tanc1",0.389,0.0473,0.577,"ns","**","ns",5,5,3,5,7,5
"Gucd1",0.11,0.0325,0.697,"*","**","ns",5,5,3,5,7,5
"Kxd1",0.128,0.0254,0.735,"*","**","ns",5,5,3,5,7,5
"Ankib1",0.372,0.0444,0.759,"ns","**","ns",5,5,3,5,7,5
"Sgcb",0.573,0.0393,0.924,"ns","**","ns",5,5,3,5,7,5
"Mindy2",0.0637,0.0031,0.616,"*","***","ns",5,5,3,5,7,5
"Spsb1",0.258,0.0307,0.402,"ns","**","ns",5,5,3,5,7,5
"Atxn2",0.28,0.0286,0.576,"ns","**","ns",5,5,3,5,7,5
"Slc4a7",0.378,0.00177,0.865,"ns","***","ns",5,5,3,5,7,5
"Elmod3",0.813,0.0252,0.922,"ns","**","ns",5,5,3,5,7,5
"Cystm1",0.354,0.00727,0.992,"ns","***","ns",5,5,3,5,7,5
"Rnf144b",0.756,0.00319,0.239,"ns","***","ns",5,5,3,5,7,5
"Flrt2",0.97,0.0343,0.902,"ns","**","ns",5,5,3,5,7,5
"Smim19",0.267,0.0315,0.598,"ns","**","ns",5,5,3,5,7,5
"Ldhd",0.292,0.0208,0.478,"ns","**","ns",5,5,3,5,7,5
"Gcnt2",0.231,0.0019,0.975,"ns","***","ns",5,5,3,5,7,5
"Paqr7",0.177,0.00786,0.255,"ns","***","ns",5,5,3,5,7,5
"St3gal4",0.606,0.00313,0.587,"ns","***","ns",5,5,3,5,7,5
"Prodh",0.462,0.00625,0.53,"ns","***","ns",5,5,3,5,7,5
"Nkd1",0.533,0.0163,0.0973,"ns","**","*",5,5,3,5,7,5
"Lbh",0.264,0.0443,0.6,"ns","**","ns",5,5,3,5,7,5
"Strn",0.194,0.0449,0.626,"ns","**","ns",5,5,3,5,7,5
"Map3k20",0.665,0.00436,0.615,"ns","***","ns",5,5,3,5,7,5
"Hspb7",0.384,0.000295,0.857,"ns","****","ns",5,5,3,5,7,5
"Lrrn4",0.943,0.0112,0.798,"ns","***","ns",5,5,3,5,7,5
"Large1",0.321,0.00216,0.298,"ns","***","ns",5,5,3,5,7,5
"Dock10",0.0668,0.017,0.835,"*","**","ns",5,5,3,5,7,5
"Osr1",0.463,0.000373,0.957,"ns","****","ns",5,5,3,5,7,5
"Krt19",0.28,0.0497,0.663,"ns","**","ns",5,5,3,5,7,5
"Cpe",0.774,0.0421,0.712,"ns","**","ns",5,5,3,5,7,5
"Mdm2",0.138,0.0439,0.807,"ns","**","ns",5,5,3,5,7,5
"Fhod1",0.599,0.0444,0.64,"ns","**","ns",5,5,3,5,7,5
"Dglucy",0.243,0.00244,0.803,"ns","***","ns",5,5,3,5,7,5
"Lrrfip1",0.339,0.0418,0.914,"ns","**","ns",5,5,3,5,7,5
"Ccdc88c",0.0982,0.000936,0.814,"*","****","ns",5,5,3,5,7,5
"Prr32",0.463,0.012,0.24,"ns","***","ns",5,5,3,5,7,5
"Pkdcc",0.0894,0.00434,0.737,"*","***","ns",5,5,3,5,7,5
"Dalrd3",0.113,0.00939,0.664,"*","**","ns",5,5,3,5,7,5
"N4bp2l1",0.968,0.0162,0.968,"ns","**","ns",5,5,3,5,7,5
"Stim2",0.292,0.00339,0.974,"ns","***","ns",5,5,3,5,7,5
"Rspo1",0.637,0.0311,0.783,"ns","**","ns",5,5,3,5,7,5
"Pcdh7",0.265,6.36e-05,0.38,"ns","****","ns",5,5,3,5,7,5
"Gstm5",0.121,0.035,0.885,"*","**","ns",5,5,3,5,7,5
"Chchd10",0.483,0.00454,0.903,"ns","***","ns",5,5,3,5,7,5
"Trub2",0.952,0.0163,0.608,"ns","**","ns",5,5,3,5,7,5
"Slc16a12",0.0503,0.0206,0.943,"*","**","ns",5,5,3,5,7,5
"Atp10a",0.541,0.000745,0.437,"ns","****","ns",5,5,3,5,7,5
"Ppl",0.903,0.0454,1,"ns","**","ns",5,5,3,5,7,5
"Prune2",0.153,0.000476,0.357,"ns","****","ns",5,5,3,5,7,5
"Zfand2a",0.55,0.0221,0.55,"ns","**","ns",5,5,3,5,7,5
"Dennd4a",0.0881,0.046,0.929,"*","**","ns",5,5,3,5,7,5
"Gm15519",0.867,0.0424,0.309,"ns","**","ns",5,5,3,5,7,5
"Ano1",0.874,0.00367,0.874,"ns","***","ns",5,5,3,5,7,5
"Pnpo",0.266,0.0291,0.625,"ns","**","ns",5,5,3,5,7,5
"Ildr2",0.6,0.0104,0.493,"ns","***","ns",5,5,3,5,7,5
"Utp4",0.384,0.0266,0.384,"ns","**","ns",5,5,3,5,7,5
"Hcar2",0.116,0.0479,0.524,"*","**","ns",5,5,3,5,7,5
"Rnd3",0.477,0.042,0.477,"ns","**","ns",5,5,3,5,7,5
"Mid2",0.169,0.0478,0.918,"ns","**","ns",5,5,3,5,7,5
"Fam83a",0.622,0.0245,0.401,"ns","**","ns",5,5,3,5,7,5
"Zbtb18",0.351,0.0283,0.999,"ns","**","ns",5,5,3,5,7,5
"Slc20a1",0.301,0.00451,0.301,"ns","***","ns",5,5,3,5,7,5
"Ablim2",0.12,0.0017,0.318,"*","***","ns",5,5,3,5,7,5
"Trp53i11",0.221,0.00932,0.649,"ns","***","ns",5,5,3,5,7,5
"Atp8a1",0.2,0.0368,0.832,"ns","**","ns",5,5,3,5,7,5
"Mtmr10",0.822,0.0386,0.936,"ns","**","ns",5,5,3,5,7,5
"Aen",0.693,0.00804,0.799,"ns","***","ns",5,5,3,5,7,5
"Upk1b",0.603,0.00466,0.623,"ns","***","ns",5,5,3,5,7,5
"Slco2a1",0.953,0.045,0.608,"ns","**","ns",5,5,3,5,7,5
"Isyna1",0.105,0.0294,0.583,"*","**","ns",5,5,3,5,7,5
"Mgat5",0.149,0.0282,0.368,"ns","**","ns",5,5,3,5,7,5
"Abhd17c",0.994,0.0315,0.143,"ns","**","*",5,5,3,5,7,5
"Epdr1",0.368,0.00438,0.0515,"ns","***","*",5,5,3,5,7,5
"2310061I04Rik",0.0615,0.00926,0.979,"*","**","ns",5,5,3,5,7,5
"Tnfrsf21",0.418,0.036,0.65,"ns","**","ns",5,5,3,5,7,5
"Vnn3",0.413,0.0452,0.413,"ns","**","ns",5,5,3,5,7,5
"Acp6",0.989,0.0177,0.172,"ns","**","ns",5,5,3,5,7,5
"Zdhhc2",0.767,0.0177,0.703,"ns","**","ns",5,5,3,5,7,5
"Traf3",0.316,0.0133,0.549,"ns","**","ns",5,5,3,5,7,5
"Tst",0.862,0.00091,0.931,"ns","****","ns",5,5,3,5,7,5
"Mrps35",0.0617,0.00513,0.563,"*","***","ns",5,5,3,5,7,5
"Mogat1",0.0846,0.00949,0.999,"*","***","ns",5,5,3,5,7,5
"Prr16",0.352,0.0443,0.118,"ns","**","*",5,5,3,5,7,5
"Coq10a",0.972,0.0138,0.972,"ns","**","ns",5,5,3,5,7,5
"Coq8b",0.226,0.0129,0.811,"ns","**","ns",5,5,3,5,7,5
"Malt1",0.168,0.00674,0.549,"ns","***","ns",5,5,3,5,7,5
"Gsta4",0.118,0.00464,0.695,"*","***","ns",5,5,3,5,7,5
"Slc28a2",0.135,0.0493,0.948,"ns","**","ns",5,5,3,5,7,5
"Snx11",0.516,0.0445,0.954,"ns","**","ns",5,5,3,5,7,5
"Pacsin3",0.333,0.0334,0.4,"ns","**","ns",5,5,3,5,7,5
"Sept4",0.858,0.0411,0.858,"ns","**","ns",5,5,3,5,7,5
"Dennd2d",0.915,0.0041,0.708,"ns","***","ns",5,5,3,5,7,5
"Spry4",0.82,0.0278,0.82,"ns","**","ns",5,5,3,5,7,5
"Fam69a",0.582,0.0439,0.582,"ns","**","ns",5,5,3,5,7,5
"Fam117a",0.474,0.000277,0.474,"ns","****","ns",5,5,3,5,7,5
"Fam210b",0.597,0.0388,0.972,"ns","**","ns",5,5,3,5,7,5
"Ret",0.898,0.0203,0.341,"ns","**","ns",5,5,3,5,7,5
"Vmac",0.13,0.000727,0.557,"ns","****","ns",5,5,3,5,7,5
"Zfp358",0.271,0.0471,0.79,"ns","**","ns",5,5,3,5,7,5
"Kcnh2",0.825,0.0117,0.199,"ns","**","ns",5,5,3,5,7,5
"Mapk8ip1",0.106,0.0201,0.161,"*","**","ns",5,5,3,5,7,5
"Fiz1",0.263,0.0219,0.43,"ns","**","ns",5,5,3,5,7,5
"Afap1l1",0.414,0.0317,0.759,"ns","**","ns",5,5,3,5,7,5
"Ephb2",0.298,0.0149,0.378,"ns","***","ns",5,5,3,5,7,5
"Mettl27",0.24,0.00247,0.284,"ns","***","ns",5,5,3,5,7,5
"Cenpv",0.169,0.0144,0.528,"ns","**","ns",5,5,3,5,7,5
"Olfml2b",0.929,0.013,0.855,"ns","***","ns",5,5,3,5,7,5
"Magi1",0.19,0.000268,0.931,"ns","****","ns",5,5,3,5,7,5
"P3h4",0.316,0.0195,0.8,"ns","**","ns",5,5,3,5,7,5
"Ptch2",0.617,0.00937,0.815,"ns","**","ns",5,5,3,5,7,5
"Rara",0.627,0.0419,0.9,"ns","**","ns",5,5,3,5,7,5
"Suox",0.157,0.00681,0.534,"ns","***","ns",5,5,3,5,7,5
"Gm5627",0.325,0.000573,0.478,"ns","****","ns",5,5,3,5,7,5
"Rhbdf2",0.552,0.0376,0.547,"ns","**","ns",5,5,3,5,7,5
"Hoxa7",0.0777,0.00552,0.804,"*","***","ns",5,5,3,5,7,5
"Stambpl1",0.43,0.0371,0.43,"ns","**","ns",5,5,3,5,7,5
"Gsdme",0.789,0.0357,0.762,"ns","**","ns",5,5,3,5,7,5
"Chrd",0.538,0.017,0.949,"ns","**","ns",5,5,3,5,7,5
"Hdac9",0.067,4e-04,0.883,"*","****","ns",5,5,3,5,7,5
"Ncan",0.113,0.000255,0.891,"*","****","ns",5,5,3,5,7,5
"Usp6nl",0.244,0.0395,0.244,"ns","**","ns",5,5,3,5,7,5
"Zkscan17",0.674,0.024,0.431,"ns","**","ns",5,5,3,5,7,5
"Golga7b",0.192,0.00016,0.25,"ns","****","ns",5,5,3,5,7,5
"Dll4",0.98,0.0352,0.799,"ns","**","ns",5,5,3,5,7,5
"Wrb",0.68,0.0492,0.68,"ns","**","ns",5,5,3,5,7,5
"Lpin2",0.286,0.0407,0.395,"ns","**","ns",5,5,3,5,7,5
"Reep4",0.702,0.0317,0.702,"ns","**","ns",5,5,3,5,7,5
"Btbd10",0.493,0.0114,0.744,"ns","***","ns",5,5,3,5,7,5
"Tmem151a",0.682,0.0178,0.82,"ns","**","ns",5,5,3,5,7,5
"Kif21b",0.0743,0.02,0.65,"*","**","ns",5,5,3,5,7,5
"Wt1",0.643,0.00377,0.726,"ns","***","ns",5,5,3,5,7,5
"Celsr2",0.585,0.0219,0.106,"ns","**","*",5,5,3,5,7,5
"Accs",0.999,0.00557,0.274,"ns","***","ns",5,5,3,5,7,5
"Nt5c3b",0.358,0.0337,0.927,"ns","**","ns",5,5,3,5,7,5
"E2f1",0.769,0.00827,0.946,"ns","***","ns",5,5,3,5,7,5
"Tuba4a",0.0784,0.0314,0.0761,"*","**","*",5,5,3,5,7,5
"Zfp768",0.421,0.0447,0.209,"ns","**","ns",5,5,3,5,7,5
"Gabra3",0.968,0.0394,0.968,"ns","**","ns",5,5,3,5,7,5
"Tril",0.495,0.0329,0.321,"ns","**","ns",5,5,3,5,7,5
"Idi1",0.393,0.048,0.678,"ns","**","ns",5,5,3,5,7,5
"Thap3",0.453,0.026,0.763,"ns","**","ns",5,5,3,5,7,5
"Lrrc1",0.732,0.0327,0.291,"ns","**","ns",5,5,3,5,7,5
"Cd274",0.122,0.0185,0.122,"ns","**","ns",5,5,3,5,7,5
"Cdh11",0.447,0.00633,0.503,"ns","***","ns",5,5,3,5,7,5
"Spats2",0.132,0.0269,0.0866,"ns","**","*",5,5,3,5,7,5
"Meox2",0.207,0.000751,0.173,"ns","****","ns",5,5,3,5,7,5
"Kcnj8",0.73,0.0347,0.74,"ns","**","ns",5,5,3,5,7,5
"Phkg1",0.17,0.035,0.206,"ns","**","ns",5,5,3,5,7,5
"Oscp1",0.116,0.00134,0.413,"ns","****","ns",5,5,3,5,7,5
"Dmac2",0.988,0.038,0.864,"ns","*","ns",5,5,3,5,7,5
"Rbm38",0.558,0.0392,0.0903,"ns","**","*",5,5,3,5,7,5
"Lrrc27",0.525,0.000241,0.379,"ns","****","ns",5,5,3,5,7,5
"Erg",0.119,0.048,0.687,"ns","**","ns",5,5,3,5,7,5
"Cep89",0.112,0.0274,0.796,"*","**","ns",5,5,3,5,7,5
"Tmem53",0.179,0.00536,0.668,"ns","***","ns",5,5,3,5,7,5
"Wdr34",0.19,0.0249,0.673,"ns","**","ns",5,5,3,5,7,5
"Atp1b1",0.775,0.0144,0.947,"ns","***","ns",5,5,3,5,7,5
"Vit",0.586,0.00721,0.769,"ns","***","ns",5,5,3,5,7,5
"Bcl6b",0.641,0.019,0.641,"ns","**","ns",5,5,3,5,7,5
"Tpsb2",0.107,0.0131,0.706,"*","***","ns",5,5,3,5,7,5
"Muc16",0.989,0.0179,0.593,"ns","**","ns",5,5,3,5,7,5
"P2ry2",0.86,0.0123,0.895,"ns","***","ns",5,5,3,5,7,5
"Plekha7",0.131,0.0014,0.328,"ns","***","ns",5,5,3,5,7,5
"Oxld1",0.23,0.0445,0.478,"ns","**","ns",5,5,3,5,7,5
"Gm7694",0.629,0.0306,0.458,"ns","**","ns",5,5,3,5,7,5
"B3gnt9",0.19,0.00435,0.962,"ns","***","ns",5,5,3,5,7,5
"Mettl26",0.0704,0.00529,0.898,"*","***","ns",5,5,3,5,7,5
"Ppp1r3d",0.595,0.000927,0.714,"ns","****","ns",5,5,3,5,7,5
"Ccbe1",0.196,0.00549,0.719,"ns","***","ns",5,5,3,5,7,5
"Map9",0.113,0.047,0.782,"*","**","ns",5,5,3,5,7,5
"Klf14",0.902,0.0185,0.139,"ns","**","ns",5,5,3,5,7,5
"Kctd6",0.718,0.0249,0.927,"ns","**","ns",5,5,3,5,7,5
"Hlf",0.214,0.0393,0.514,"ns","**","ns",5,5,3,5,7,5
"Rims4",0.437,0.0402,0.895,"ns","**","ns",5,5,3,5,7,5
"Spaar",0.0852,0.0273,0.22,"*","**","ns",5,5,3,5,7,5
"Cd109",0.576,0.00955,0.802,"ns","***","ns",5,5,3,5,7,5
"Ccdc69",0.0768,0.0396,0.997,"*","**","ns",5,5,3,5,7,5
"Kcnj14",0.208,0.0186,0.576,"ns","**","ns",5,5,3,5,7,5
"Fam217b",0.639,0.00502,0.44,"ns","***","ns",5,5,3,5,7,5
"Dusp28",0.113,0.00142,0.99,"*","***","ns",5,5,3,5,7,5
"Pard6g",0.449,0.00226,0.307,"ns","***","ns",5,5,3,5,7,5
"Adamtsl1",0.987,0.00972,0.866,"ns","***","ns",5,5,3,5,7,5
"Sh3tc2",0.19,0.00548,0.878,"ns","***","ns",5,5,3,5,7,5
"Mcpt4",0.119,0.0161,0.43,"*","**","ns",5,5,3,5,7,5
"Gm9696",0.263,0.00592,0.975,"ns","***","ns",5,5,3,5,7,5
"Dusp9",0.584,0.00525,0.383,"ns","***","ns",5,5,3,5,7,5
"Ppfibp2",0.257,0.0122,0.528,"ns","***","ns",5,5,3,5,7,5
"Ppp1r3b",0.142,0.000584,0.234,"ns","****","ns",5,5,3,5,7,5
"Il33",0.75,0.0409,0.929,"ns","**","ns",5,5,3,5,7,5
"Tigar",0.099,0.0351,0.991,"*","**","ns",5,5,3,5,7,5
"Trim67",0.28,0.00553,0.28,"ns","***","ns",5,5,3,5,7,5
"Zfp366",0.394,0.0226,0.67,"ns","**","ns",5,5,3,5,7,5
"Prkag3",0.812,0.00724,0.635,"ns","***","ns",5,5,3,5,7,5
"Pik3ip1",0.209,0.0108,0.691,"ns","**","ns",5,5,3,5,7,5
"Usp54",0.744,0.0278,0.744,"ns","**","ns",5,5,3,5,7,5
"Pla2g2e",0.984,0.000361,0.655,"ns","****","ns",5,5,3,5,7,5
"Pm20d1",0.783,0.00713,0.415,"ns","***","ns",5,5,3,5,7,5
"B430219N15Rik",0.449,0.0352,0.314,"ns","**","ns",5,5,3,5,7,5
"Hsd17b7",0.35,0.00703,0.938,"ns","***","ns",5,5,3,5,7,5
"Leo1",0.872,0.0112,0.872,"ns","***","ns",5,5,3,5,7,5
"Zfyve28",0.18,0.00202,0.18,"ns","***","ns",5,5,3,5,7,5
"Usp2",0.746,0.00537,0.803,"ns","**","ns",5,5,3,5,7,5
"Duoxa1",0.509,0.0485,0.509,"ns","**","ns",5,5,3,5,7,5
"Bbs2",0.973,0.0313,0.795,"ns","**","ns",5,5,3,5,7,5
"Fam120aos",0.245,0.0234,0.804,"ns","**","ns",5,5,3,5,7,5
"Arhgef37",0.642,0.00818,0.404,"ns","***","ns",5,5,3,5,7,5
"Mrvi1",0.594,0.0342,0.797,"ns","**","ns",5,5,3,5,7,5
"Gm6277",0.408,0.00444,0.637,"ns","***","ns",5,5,3,5,7,5
"Nmnat3",0.226,6.78e-05,0.19,"ns","****","ns",5,5,3,5,7,5
"Pde7b",0.0745,0.000849,0.876,"*","****","ns",5,5,3,5,7,5
"Fam78b",0.291,0.0264,0.843,"ns","**","ns",5,5,3,5,7,5
"Rorc",0.836,0.00124,0.959,"ns","****","ns",5,5,3,5,7,5
"2310057M21Rik",0.988,0.0199,0.729,"ns","**","ns",5,5,3,5,7,5
"Slc10a6",0.841,0.0173,0.264,"ns","**","ns",5,5,3,5,7,5
"1700030K09Rik",0.297,0.0466,0.896,"ns","**","ns",5,5,3,5,7,5
"Col4a6",0.749,0.000895,0.749,"ns","****","ns",5,5,3,5,7,5
"Lamb3",0.257,0.0128,0.487,"ns","***","ns",5,5,3,5,7,5
"Tnc",0.286,0.0111,0.522,"ns","***","ns",5,5,3,5,7,5
"Pde4d",0.755,0.0487,0.645,"ns","**","ns",5,5,3,5,7,5
"Ddah1",0.519,0.0132,0.519,"ns","***","ns",5,5,3,5,7,5
"Dusp19",0.485,0.0458,0.342,"ns","**","ns",5,5,3,5,7,5
"Dkk3",0.801,0.0326,0.867,"ns","**","ns",5,5,3,5,7,5
"Bnc1",0.577,0.00211,0.745,"ns","***","ns",5,5,3,5,7,5
"B430212C06Rik",0.19,0.00157,0.73,"ns","***","ns",5,5,3,5,7,5
"Slc2a10",0.264,0.0107,0.577,"ns","***","ns",5,5,3,5,7,5
"Amigo2",0.86,0.00719,0.86,"ns","***","ns",5,5,3,5,7,5
"Gstt3",0.984,0.0072,0.768,"ns","***","ns",5,5,3,5,7,5
"Stmn2",0.161,0.0158,0.564,"ns","**","ns",5,5,3,5,7,5
"Steap2",0.886,0.0382,0.922,"ns","**","ns",5,5,3,5,7,5
"Fam217a",0.941,0.0324,0.573,"ns","**","ns",5,5,3,5,7,5
"Scn3b",0.173,0.00345,0.989,"ns","***","ns",5,5,3,5,7,5
"Tmem154",0.228,0.0343,0.91,"ns","**","ns",5,5,3,5,7,5
"2410022M11Rik",0.388,0.018,0.863,"ns","**","ns",5,5,3,5,7,5
"Hist2h3c2",0.578,0.0282,0.851,"ns","**","ns",5,5,3,5,7,5
"Cdca7l",0.134,0.00167,0.248,"ns","***","ns",5,5,3,5,7,5
"Bnc2",0.92,0.0399,0.413,"ns","**","ns",5,5,3,5,7,5
"Gm5578",0.653,0.0221,0.811,"ns","**","ns",5,5,3,5,7,5
"Fbxo44",0.368,0.0167,0.887,"ns","**","ns",5,5,3,5,7,5
"Slc1a4",0.941,0.0439,0.308,"ns","**","ns",5,5,3,5,7,5
"Gm7609",0.587,0.00806,0.587,"ns","**","ns",5,5,3,5,7,5
"Tfpi2",0.366,0.0179,0.986,"ns","**","ns",5,5,3,5,7,5
"Haus6",0.0646,0.0429,0.641,"*","**","ns",5,5,3,5,7,5
"Cidea",0.956,0.0182,0.956,"ns","**","ns",5,5,3,5,7,5
"Gm20632",0.463,0.00595,0.596,"ns","***","ns",5,5,3,5,7,5
"Fut10",0.52,0.0101,0.813,"ns","**","ns",5,5,3,5,7,5
"Mal2",0.192,0.0098,0.886,"ns","***","ns",5,5,3,5,7,5
"Angpt2",0.73,0.0431,0.415,"ns","**","ns",5,5,3,5,7,5
"Sox12",0.812,0.00233,0.748,"ns","***","ns",5,5,3,5,7,5
"Gm15433",0.968,0.0458,0.976,"ns","**","ns",5,5,3,5,7,5
"Epb41l3",0.388,0.0431,0.739,"ns","**","ns",5,5,3,5,7,5
"Trnp1",0.437,0.00147,0.237,"ns","***","ns",5,5,3,5,7,5
"Hist2h2be",0.464,0.0256,0.263,"ns","**","ns",5,5,3,5,7,5
"Egln3",0.0542,0.000207,0.803,"*","****","ns",5,5,3,5,7,5
"Timeless",0.52,0.0394,0.965,"ns","**","ns",5,5,3,5,7,5
"Csprs",0.914,0.0371,0.914,"ns","**","ns",5,5,3,5,7,5
"B930092H01Rik",0.98,0.0376,0.682,"ns","**","ns",5,5,3,5,7,5
"Crb2",0.48,0.0016,0.716,"ns","***","ns",5,5,3,5,7,5
"Fras1",0.723,0.0221,0.812,"ns","**","ns",5,5,3,5,7,5
"Mutyh",0.93,0.00593,0.283,"ns","***","ns",5,5,3,5,7,5
"Adgrg3",0.423,0.0449,0.798,"ns","**","ns",5,5,3,5,7,5
"Gemin2",0.184,0.00365,0.631,"ns","***","ns",5,5,3,5,7,5
"Ctf1",0.564,0.00988,0.564,"ns","**","ns",5,5,3,5,7,5
"Nos2",0.366,0.0257,0.49,"ns","**","ns",5,5,3,5,7,5
"Unc79",0.063,0.00256,0.592,"*","***","ns",5,5,3,5,7,5
"Pars2",0.703,0.0451,0.8,"ns","**","ns",5,5,3,5,7,5
"Mfap3l",0.0685,0.0415,0.851,"*","**","ns",5,5,3,5,7,5
"Lsr",0.586,0.0159,0.958,"ns","**","ns",5,5,3,5,7,5
"Dnm3",0.402,0.047,0.402,"ns","**","ns",5,5,3,5,7,5
"Ntrk3",0.801,0.0458,0.672,"ns","**","ns",5,5,3,5,7,5
"Kcnab1",0.948,0.0214,0.948,"ns","**","ns",5,5,3,5,7,5
"Zfp956",0.94,0.0445,0.506,"ns","**","ns",5,5,3,5,7,5
"Wfdc1",0.955,0.00723,0.955,"ns","***","ns",5,5,3,5,7,5
"Fam180a",0.802,0.0131,0.685,"ns","***","ns",5,5,3,5,7,5
"Hsf4",0.463,0.0467,0.407,"ns","**","ns",5,5,3,5,7,5
"Prkcg",0.737,0.0441,0.582,"ns","**","ns",5,5,3,5,7,5
"Fam19a5",0.211,0.00265,0.52,"ns","***","ns",5,5,3,5,7,5
"Zcchc3",0.0656,0.000118,0.686,"*","****","ns",5,5,3,5,7,5
"Pard6b",0.502,0.0222,0.702,"ns","**","ns",5,5,3,5,7,5
"Grid1",0.765,0.00146,0.233,"ns","****","ns",5,5,3,5,7,5
"Larp6",0.575,0.00108,0.887,"ns","****","ns",5,5,3,5,7,5
"Nos1ap",0.585,0.0477,0.518,"ns","**","ns",5,5,3,5,7,5
"Ism1",0.73,0.0467,0.73,"ns","**","ns",5,5,3,5,7,5
"Gm4912",0.929,0.014,0.929,"ns","***","ns",5,5,3,5,7,5
"2010300C02Rik",0.805,0.0226,0.994,"ns","**","ns",5,5,3,5,7,5
"Micall2",0.321,0.0119,0.358,"ns","***","ns",5,5,3,5,7,5
"Eda2r",0.953,0.0374,0.588,"ns","**","ns",5,5,3,5,7,5
"Akap17b",0.172,0.0409,0.732,"ns","**","ns",5,5,3,5,7,5
"Gm36827",0.575,0.0182,0.409,"ns","**","ns",5,5,3,5,7,5
"Cybrd1",0.75,0.0081,0.832,"ns","***","ns",5,5,3,5,7,5
"Patj",0.836,0.00761,0.73,"ns","***","ns",5,5,3,5,7,5
"Inka2",0.512,0.00149,0.462,"ns","***","ns",5,5,3,5,7,5
"Rab27b",0.295,0.0376,0.563,"ns","**","ns",5,5,3,5,7,5
"Cldn10",0.319,0.00686,0.548,"ns","***","ns",5,5,3,5,7,5
"Kazald1",0.472,2.77e-05,0.707,"ns","****","ns",5,5,3,5,7,5
"Neurl2",0.121,0.0363,0.604,"*","**","ns",5,5,3,5,7,5
"Lrrc29",0.935,0.0281,0.291,"ns","**","ns",5,5,3,5,7,5
"St14",0.212,0.000681,0.385,"ns","****","ns",5,5,3,5,7,5
"Mageb18",0.786,0.00798,0.786,"ns","***","ns",5,5,3,5,7,5
"4930578C19Rik",0.0601,0.0492,0.704,"*","**","ns",5,5,3,5,7,5
"Dach1",0.102,0.0101,0.998,"ns","***","ns",5,5,3,5,7,5
"Efna2",0.226,0.0309,0.562,"ns","**","ns",5,5,3,5,7,5
"Gm13703",0.874,0.00239,0.874,"ns","***","ns",5,5,3,5,7,5
"Tenm3",0.974,0.0439,0.974,"ns","**","ns",5,5,3,5,7,5
"Masp1",0.293,0.0452,0.396,"ns","**","ns",5,5,3,5,7,5
"Gtse1",0.111,0.00419,0.535,"ns","***","ns",5,5,3,5,7,5
"Baiap2l1",0.782,0.0192,0.947,"ns","**","ns",5,5,3,5,7,5
"Rpp25",0.155,0.00239,0.943,"ns","***","ns",5,5,3,5,7,5
"Exoc3l",0.767,0.0364,0.847,"ns","**","ns",5,5,3,5,7,5
"Chadl",0.0653,0.00451,0.262,"*","***","ns",5,5,3,5,7,5
"Itpka",0.673,0.03,0.15,"ns","**","ns",5,5,3,5,7,5
"Gm45902",0.787,0.0256,0.682,"ns","**","ns",5,5,3,5,7,5
"Cux2",0.523,0.0194,0.317,"ns","**","ns",5,5,3,5,7,5
"Itm2a",0.528,0.00481,0.245,"ns","***","ns",5,5,3,5,7,5
"Hdc",0.335,0.0343,0.335,"ns","**","ns",5,5,3,5,7,5
"Matn4",1,0.00505,1,"ns","***","ns",5,5,3,5,7,5
"Lzts1",0.386,0.0175,0.152,"ns","**","ns",5,5,3,5,7,5
"Gm9951",0.0662,0.0177,0.766,"*","**","ns",5,5,3,5,7,5
"Sytl1",0.252,0.00687,0.608,"ns","***","ns",5,5,3,5,7,5
"Fam89a",0.356,0.0117,0.172,"ns","**","ns",5,5,3,5,7,5
"Epha1",0.957,0.00537,0.729,"ns","***","ns",5,5,3,5,7,5
"Gata5",0.384,0.00145,0.85,"ns","****","ns",5,5,3,5,7,5
"Isl1",0.119,0.000728,0.954,"*","****","ns",5,5,3,5,7,5
"Ciart",0.207,0.0196,0.194,"ns","**","ns",5,5,3,5,7,5
"Tmem254c",0.88,0.00349,0.244,"ns","***","ns",5,5,3,5,7,5
"Ptchd4",0.39,0.0016,0.641,"ns","***","ns",5,5,3,5,7,5
"Phpt1",0.26,0.0348,0.95,"ns","**","ns",5,5,3,5,7,5
"Pdlim3",0.82,0.0166,0.961,"ns","**","ns",5,5,3,5,7,5
"Runx2",0.142,0.0375,0.732,"*","**","ns",5,5,3,5,7,5
"Klf8",0.442,0.00239,0.647,"ns","***","ns",5,5,3,5,7,5
"Dtl",0.062,0.0373,0.975,"*","**","ns",5,5,3,5,7,5
"Fosl1",0.67,0.0202,0.67,"ns","**","ns",5,5,3,5,7,5
"Pgf",0.294,0.0347,0.139,"ns","**","ns",5,5,3,5,7,5
"Gm13709",0.92,0.00253,0.889,"ns","***","ns",5,5,3,5,7,5
"Eva1c",0.464,0.0301,0.323,"ns","**","ns",5,5,3,5,7,5
"March9",0.946,0.0147,0.673,"ns","**","ns",5,5,3,5,7,5
"Hapln3",0.213,0.0237,0.442,"ns","**","ns",5,5,3,5,7,5
"Slc45a3",0.974,0.00334,0.343,"ns","***","ns",5,5,3,5,7,5
"Sv2a",0.963,0.0336,0.204,"ns","**","ns",5,5,3,5,7,5
"Me3",0.991,0.0463,0.991,"ns","**","ns",5,5,3,5,7,5
"1810021B22Rik",0.861,0.0053,0.899,"ns","***","ns",5,5,3,5,7,5
"Brd3os",0.44,0.0438,0.666,"ns","**","ns",5,5,3,5,7,5
"Slc1a1",0.57,0.0195,0.57,"ns","**","ns",5,5,3,5,7,5
"Aqp5",0.56,0.0403,0.995,"ns","**","ns",5,5,3,5,7,5
"Cadps2",0.702,0.0144,0.847,"ns","**","ns",5,5,3,5,7,5
"Vwc2",0.311,0.0126,0.926,"ns","***","ns",5,5,3,5,7,5
"Rsph9",0.294,0.0178,0.662,"ns","**","ns",5,5,3,5,7,5
"Slc6a4",0.248,0.0213,0.984,"ns","**","ns",5,5,3,5,7,5
"Slc39a4",0.761,0.0389,0.774,"ns","**","ns",5,5,3,5,7,5
"Lrrc4",0.934,0.00763,0.458,"ns","***","ns",5,5,3,5,7,5
"Capn6",0.779,0.00178,0.557,"ns","***","ns",5,5,3,5,7,5
"Lgi3",0.367,0.00112,0.367,"ns","****","ns",5,5,3,5,7,5
"Samd5",0.0654,0.0186,0.589,"*","**","ns",5,5,3,5,7,5
"Cfap99",0.475,0.00881,0.85,"ns","***","ns",5,5,3,5,7,5
"Gas2l2",0.103,0.0111,0.541,"*","***","ns",5,5,3,5,7,5
"Jakmip3",0.465,0.0306,0.0556,"ns","**","*",5,5,3,5,7,5
"Gm2666",0.814,0.0169,0.964,"ns","**","ns",5,5,3,5,7,5
"Wfikkn2",0.884,0.013,0.988,"ns","***","ns",5,5,3,5,7,5
"Clca2",0.615,0.0099,0.609,"ns","***","ns",5,5,3,5,7,5
"Foxo6",0.113,0.000519,0.549,"ns","****","ns",5,5,3,5,7,5
"Greb1l",0.794,0.0101,0.664,"ns","***","ns",5,5,3,5,7,5
"Fn3k",0.425,0.00297,0.895,"ns","***","ns",5,5,3,5,7,5
"Dok7",0.802,0.0258,0.834,"ns","**","ns",5,5,3,5,7,5
"Stc1",0.984,0.00281,0.564,"ns","***","ns",5,5,3,5,7,5
"Slc22a2",0.68,0.0153,0.874,"ns","**","ns",5,5,3,5,7,5
"Lpar2",0.368,0.00601,0.433,"ns","***","ns",5,5,3,5,7,5
"Mir6392",0.549,0.00845,0.836,"ns","**","ns",5,5,3,5,7,5
"Afmid",0.212,0.0443,0.67,"ns","**","ns",5,5,3,5,7,5
"Grb7",0.159,0.0318,0.777,"ns","**","ns",5,5,3,5,7,5
"Dusp15",0.518,0.0481,0.0976,"ns","**","*",5,5,3,5,7,5
"Gm9821",0.126,0.0461,0.634,"ns","**","ns",5,5,3,5,7,5
"mt-Tl1",0.893,0.0379,0.518,"ns","**","ns",5,5,3,5,7,5
"Trpc3",0.208,0.0327,0.58,"ns","**","ns",5,5,3,5,7,5
"Rassf6",0.947,0.00721,0.947,"ns","***","ns",5,5,3,5,7,5
"Adgrf4",0.214,0.00565,0.942,"ns","***","ns",5,5,3,5,7,5
"Gabrq",0.939,0.0384,0.939,"ns","**","ns",5,5,3,5,7,5
"Mfsd4b1",0.429,0.0298,0.659,"ns","**","ns",5,5,3,5,7,5
"Drd1",0.853,0.0184,0.166,"ns","**","*",5,5,3,5,7,5
"Tspan8",0.339,0.0262,0.468,"ns","**","ns",5,5,3,5,7,5
"Ctxn1",0.804,0.0259,0.73,"ns","**","ns",5,5,3,5,7,5
"Cfap100",0.547,0.0209,0.395,"ns","**","ns",5,5,3,5,7,5
"Teddm2",0.507,0.00977,0.61,"ns","***","ns",5,5,3,5,7,5
"Wdr86",0.896,0.0446,0.757,"ns","**","ns",5,5,3,5,7,5
"Dusp14",0.895,0.00237,0.895,"ns","***","ns",5,5,3,5,7,5
"Hydin",0.247,0.00405,0.622,"ns","***","ns",5,5,3,5,7,5
"Gm6658",0.0645,0.0318,0.377,"*","**","ns",5,5,3,5,7,5
"Gm27003",0.837,0.0225,0.959,"ns","**","ns",5,5,3,5,7,5
"Best1",0.469,0.0433,0.469,"ns","**","ns",5,5,3,5,7,5
"Vps37d",0.97,0.0393,0.553,"ns","**","ns",5,5,3,5,7,5
"Gm42847",0.659,0.000721,0.778,"ns","****","ns",5,5,3,5,7,5
"Tomm6os",0.537,0.036,0.545,"ns","**","ns",5,5,3,5,7,5
"Mpzl2",0.934,0.00222,0.655,"ns","***","ns",5,5,3,5,7,5
"Sstr4",0.851,0.043,0.982,"ns","**","ns",5,5,3,5,7,5
"Tmc5",0.177,0.0341,0.474,"ns","**","ns",5,5,3,5,7,5
"6430562O15Rik",0.137,0.0324,0.619,"*","**","ns",5,5,3,5,7,5
"2610020C07Rik",0.0747,0.0365,0.736,"*","**","ns",5,5,3,5,7,5
"Cc2d2b",0.0535,0.00162,0.403,"*","***","ns",5,5,3,5,7,5
"Alpk2",0.091,0.0012,0.564,"*","****","ns",5,5,3,5,7,5
"9530077C05Rik",0.346,0.00916,0.793,"ns","***","ns",5,5,3,5,7,5
"Ccser1",0.0633,0.0185,0.603,"*","**","ns",5,5,3,5,7,5
"Trp53cor1",0.0541,0.000316,0.372,"*","****","ns",5,5,3,5,7,5
"6430571L13Rik",0.2,0.00616,0.822,"ns","***","ns",5,5,3,5,7,5
"Gm15851",0.166,0.00236,0.832,"ns","***","ns",5,5,3,5,7,5
"Dpysl5",0.969,0.0482,0.528,"ns","**","ns",5,5,3,5,7,5
"Accsl",0.913,0.0226,0.547,"ns","**","ns",5,5,3,5,7,5
"2510046G10Rik",0.45,0.0235,0.45,"ns","**","ns",5,5,3,5,7,5
"Slc38a11",0.762,0.0076,0.864,"ns","***","ns",5,5,3,5,7,5
"AC110166.1",0.27,0.0149,0.27,"ns","***","ns",5,5,3,5,7,5
"Il31ra",0.915,0.0117,0.979,"ns","***","ns",5,5,3,5,7,5
"Mex3a",0.166,0.0386,0.43,"*","**","ns",5,5,3,5,7,5
"Fndc7",0.0636,0.0223,0.903,"*","**","ns",5,5,3,5,7,5
"Gm26569",0.597,0.0224,0.402,"ns","**","ns",5,5,3,5,7,5
"Rspo3",0.859,0.0128,1,"ns","***","ns",5,5,3,5,7,5
"Gm49124",0.451,0.0452,0.763,"ns","**","ns",5,5,3,5,7,5
"CAAA01141682.2",0.276,0.00744,0.944,"ns","***","ns",5,5,3,5,7,5
"Slc30a2",0.979,0.0353,0.908,"ns","**","ns",5,5,3,5,7,5
"5033417F24Rik",0.747,0.025,0.412,"ns","**","ns",5,5,3,5,7,5
"Kcna1",0.927,0.0389,0.63,"ns","**","ns",5,5,3,5,7,5
"Slc25a48",0.701,0.00642,0.455,"ns","***","ns",5,5,3,5,7,5
"1500015O10Rik",0.731,0.013,0.312,"ns","***","ns",5,5,3,5,7,5
"Gm20684",0.0797,0.033,0.713,"*","**","ns",5,5,3,5,7,5
"1300014J16Rik",0.509,0.0318,0.398,"ns","**","ns",5,5,3,5,7,5
"Ccdc136",0.701,0.0437,0.561,"ns","**","ns",5,5,3,5,7,5
"Nrtn",0.469,0.00751,0.426,"ns","***","ns",5,5,3,5,7,5
"Gm14409",0.633,0.0189,0.971,"ns","**","ns",5,5,3,5,7,5
"Cnksr1",0.833,0.00242,0.315,"ns","***","ns",5,5,3,5,7,5
"Pmfbp1",0.061,0.0156,0.329,"*","**","ns",5,5,3,5,7,5
"Gm24074",0.262,0.0238,0.851,"ns","**","ns",5,5,3,5,7,5
"Tuba8",0.196,0.0042,0.223,"ns","***","ns",5,5,3,5,7,5
"Sorcs1",0.794,0.0087,0.682,"ns","***","ns",5,5,3,5,7,5
"Sntg1",0.968,0.00601,0.572,"ns","***","ns",5,5,3,5,7,5
"Tceal5",0.128,0.0152,0.399,"ns","**","ns",5,5,3,5,7,5
"5430427N15Rik",0.219,0.0334,0.495,"ns","**","ns",5,5,3,5,7,5
"AC133103.2",0.843,0.0498,0.843,"ns","**","ns",5,5,3,5,7,5
"Slitrk4",0.928,0.00565,0.928,"ns","***","ns",5,5,3,5,7,5
"Gm15411",0.332,0.0251,0.552,"ns","**","ns",5,5,3,5,7,5
"Marveld3",0.825,0.00919,0.632,"ns","***","ns",5,5,3,5,7,5
"Zfp879",0.814,0.0285,0.55,"ns","**","ns",5,5,3,5,7,5
"Tpd52l1",0.562,0.028,0.544,"ns","**","ns",5,5,3,5,7,5
"Gm4952",0.107,0.0206,0.74,"*","**","ns",5,5,3,5,7,5
"Slc8a3",0.194,0.0318,0.678,"ns","**","ns",5,5,3,5,7,5
"Gm14221",0.208,0.00595,0.396,"ns","***","ns",5,5,3,5,7,5
"Gm11769",0.926,0.0145,0.926,"ns","***","ns",5,5,3,5,7,5
"Sh3bgr",0.898,0.00807,0.898,"ns","***","ns",5,5,3,5,7,5
"Gabra4",0.275,0.0433,0.157,"ns","**","ns",5,5,3,5,7,5
"Gm45889",0.213,0.0386,0.627,"ns","**","ns",5,5,3,5,7,5
"Gm29675",0.265,0.0468,0.962,"ns","**","ns",5,5,3,5,7,5
"Gm9845",0.947,0.027,0.954,"ns","**","ns",5,5,3,5,7,5
"Wdr31",0.523,0.000334,0.942,"ns","****","ns",5,5,3,5,7,5
"Gm45338",0.0887,0.00377,0.499,"*","***","ns",5,5,3,5,7,5
"Nek5",0.631,0.000193,0.226,"ns","****","ns",5,5,3,5,7,5
"Gm3636",0.299,0.0301,0.368,"ns","**","ns",5,5,3,5,7,5
"4632428C04Rik",0.598,0.00194,0.598,"ns","***","ns",5,5,3,5,7,5
"H60b",0.553,0.0304,0.384,"ns","**","ns",5,5,3,5,7,5
"Gm6682",0.667,0.0435,0.667,"ns","**","ns",5,5,3,5,7,5
"AC167363.1",0.633,0.00871,0.953,"ns","***","ns",5,5,3,5,7,5
"Vwa7",0.0922,0.0479,0.663,"*","**","ns",5,5,3,5,7,5
"C430049B03Rik",0.834,0.0296,0.834,"ns","**","ns",5,5,3,5,7,5
"Gm43458",0.219,0.0295,0.785,"*","**","ns",5,5,3,5,7,5
"Gm43123",0.819,0.027,0.673,"ns","**","ns",5,5,3,5,7,5
"Gm43924",0.0986,0.0219,0.485,"*","**","ns",5,5,3,5,7,5
"Gm45869",0.582,0.00636,0.646,"ns","***","ns",5,5,3,5,7,5
"Plek2",0.363,0.0436,0.363,"ns","**","ns",5,5,3,5,7,5
"Cpa5",0.218,0.00897,0.115,"ns","***","*",5,5,3,5,7,5
"Camkv",0.901,0.00635,0.766,"ns","***","ns",5,5,3,5,7,5
"Serpina3d-ps",0.219,0.0176,0.47,"ns","**","ns",5,5,3,5,7,5
"Gm15950",0.746,0.0158,0.458,"ns","**","ns",5,5,3,5,7,5
"Gm11611",0.128,0.000909,0.811,"ns","****","ns",5,5,3,5,7,5
"Gm14634",0.771,0.0487,0.73,"ns","**","ns",5,5,3,5,7,5
"Gm3739",0.546,0.0326,0.776,"ns","**","ns",5,5,3,5,7,5
"Robo2",0.243,0.0286,0.672,"ns","**","ns",5,5,3,5,7,5
"D330050G23Rik",0.777,0.014,0.8,"ns","***","ns",5,5,3,5,7,5
"Spata25",0.164,0.0452,0.969,"ns","**","ns",5,5,3,5,7,5
"Dmrtc1a",0.909,0.0122,0.407,"ns","**","ns",5,5,3,5,7,5
"Palm2",0.524,0.022,1,"ns","**","ns",5,5,3,5,7,5
"D630039A03Rik",0.624,0.0156,0.92,"ns","**","ns",5,5,3,5,7,5
"Pak6",0.857,0.0282,0.546,"ns","**","ns",5,5,3,5,7,5
"Cilp2",0.932,0.00795,0.932,"ns","***","ns",5,5,3,5,7,5
"A330015K06Rik",0.366,0.00903,0.839,"ns","***","ns",5,5,3,5,7,5
"Mmp16",0.351,0.00766,0.458,"ns","**","ns",5,5,3,5,7,5
"Gm2447",0.123,0.0103,0.601,"*","**","ns",5,5,3,5,7,5
"Abra",1,0.027,0.995,"ns","**","ns",5,5,3,5,7,5
"Gm44929",1,0.0492,0.962,"ns","**","ns",5,5,3,5,7,5
"Gm45572",0.727,0.00775,0.825,"ns","***","ns",5,5,3,5,7,5
"Gm43719",1,0.0451,0.542,"ns","**","ns",5,5,3,5,7,5
"Gm9057",0.831,0.0161,0.831,"ns","**","ns",5,5,3,5,7,5
"Zfp36l1-ps",0.913,0.00145,1,"ns","****","ns",5,5,3,5,7,5
"Gm44698",0.176,0.0052,0.15,"ns","***","ns",5,5,3,5,7,5
"AC122217.3",0.822,0.00145,0.811,"ns","****","ns",5,5,3,5,7,5
"Oas1e",0.514,0.0166,0.514,"ns","**","ns",5,5,3,5,7,5
"Frmpd2",0.447,0.0131,0.638,"ns","***","ns",5,5,3,5,7,5
"Gm14391",0.0801,0.036,0.595,"*","**","ns",5,5,3,5,7,5
"Vstm2a",0.939,0.0032,0.939,"ns","***","ns",5,5,3,5,7,5
"Spag6",0.535,0.0442,0.516,"ns","**","ns",5,5,3,5,7,5
"Gm43069",0.959,0.0224,0.959,"ns","**","ns",5,5,3,5,7,5
"Otogl",0.779,0.0044,0.642,"ns","***","ns",5,5,3,5,7,5
"Capn13",0.459,0.0483,0.66,"ns","**","ns",5,5,3,5,7,5
"Asb11",0.61,0.00775,0.535,"ns","***","ns",5,5,3,5,7,5
"Artn",0.551,0.0174,0.568,"ns","**","ns",5,5,3,5,7,5
"Cbx3-ps7",0.868,0.0377,0.0675,"ns","**","*",5,5,3,5,7,5
"Sp5",0.928,0.0226,0.0703,"ns","**","*",5,5,3,5,7,5
"Gm5176",0.478,0.0418,0.291,"ns","**","ns",5,5,3,5,7,5
"Gm26634",0.602,0.00709,0.806,"ns","***","ns",5,5,3,5,7,5
"Neto1",0.323,0.00202,0.353,"ns","***","ns",5,5,3,5,7,5
"Fam151a",0.612,0.0375,0.972,"ns","**","ns",5,5,3,5,7,5
"9430069I07Rik",0.771,0.0296,0.802,"ns","**","ns",5,5,3,5,7,5
"Gm37084",0.888,0.0364,0.557,"ns","**","ns",5,5,3,5,7,5
"Gm37469",0.364,0.00901,0.478,"ns","***","ns",5,5,3,5,7,5
"Gm10649",0.0723,0.0128,0.877,"*","**","ns",5,5,3,5,7,5
"Gm6430",0.5,0.0106,0.5,"ns","***","ns",5,5,3,5,7,5
"A830012C17Rik",0.945,0.0204,0.615,"ns","**","ns",5,5,3,5,7,5
"Traj44",0.19,0.0168,0.897,"ns","**","ns",5,5,3,5,7,5
"Synpr",0.733,0.0112,0.228,"ns","**","ns",5,5,3,5,7,5
"Gm39318",0.118,0.0476,0.786,"*","**","ns",5,5,3,5,7,5
"Krt78",0.129,0.00016,0.964,"ns","****","ns",5,5,3,5,7,5
"Gm48961",0.774,0.0329,0.338,"ns","**","ns",5,5,3,5,7,5
"Gm36401",0.255,0.0483,0.656,"ns","**","ns",5,5,3,5,7,5
"Gm16044",0.752,0.0169,0.92,"ns","**","ns",5,5,3,5,7,5
"Rbm24",0.337,0.0363,1,"ns","**","ns",5,5,3,5,7,5
"Gm10505",0.828,0.0362,0.566,"ns","**","ns",5,5,3,5,7,5
"Gm49188",0.573,0.0217,0.149,"ns","**","*",5,5,3,5,7,5
"Gm6142",0.453,0.00304,0.251,"ns","***","ns",5,5,3,5,7,5
"A730015C16Rik",0.829,0.00486,0.809,"ns","***","ns",5,5,3,5,7,5
"Gm10406",0.125,0.006,0.586,"ns","***","ns",5,5,3,5,7,5
"Gm26830",0.641,0.0416,0.221,"ns","**","ns",5,5,3,5,7,5
"Lrp2bp",0.893,0.0193,0.948,"ns","**","ns",5,5,3,5,7,5
"9330182O14Rik",0.862,0.0104,0.943,"ns","***","ns",5,5,3,5,7,5
"I730028E13Rik",0.655,0.0222,0.161,"ns","**","ns",5,5,3,5,7,5
"Gm18943",0.699,0.0321,0.921,"ns","**","ns",5,5,3,5,7,5
"Abca16",0.872,0.0374,0.541,"ns","**","ns",5,5,3,5,7,5
"Gm7628",0.122,0.0475,0.706,"*","**","ns",5,5,3,5,7,5
"Gm42611",0.219,0.011,0.682,"ns","***","ns",5,5,3,5,7,5
"Gm10032",1,0.0115,0.505,"ns","**","ns",5,5,3,5,7,5
"Gm49173",0.177,0.0449,0.752,"ns","**","ns",5,5,3,5,7,5
"Vwa5b1",0.228,0.000937,0.0681,"ns","****","*",5,5,3,5,7,5
"Gm6918",0.173,0.00871,0.893,"ns","***","ns",5,5,3,5,7,5
"Gm43730",0.765,0.0486,0.0667,"ns","**","*",5,5,3,5,7,5
"Gm45510",0.77,0.0224,0.77,"ns","**","ns",5,5,3,5,7,5
"Gm23442",0.0641,0.00447,0.605,"*","***","ns",5,5,3,5,7,5
"Nespas",0.708,0.0142,0.808,"ns","**","ns",5,5,3,5,7,5
"Stk33",0.405,0.0262,0.405,"ns","**","ns",5,5,3,5,7,5
"n-R5s85",0.336,0.0444,0.799,"ns","**","ns",5,5,3,5,7,5
"Gm45864",0.882,0.0217,0.437,"ns","**","ns",5,5,3,5,7,5
"Gm4707",0.751,0.024,0.751,"ns","**","ns",5,5,3,5,7,5
"Gm13954",0.618,0.0349,0.445,"ns","*","ns",5,5,3,5,7,5
"2700080J24Rik",0.549,0.0435,0.861,"ns","**","ns",5,5,3,5,7,5
"4930556I23Rik",1,0.0324,0.197,"ns","**","ns",5,5,3,5,7,5
"Gm31410",0.794,0.0107,0.794,"ns","**","ns",5,5,3,5,7,5
"Gm48558",0.63,0.0235,0.835,"ns","**","ns",5,5,3,5,7,5
"AC144408.3",0.736,1.65e-05,0.723,"ns","****","ns",5,5,3,5,7,5
"Gm12630",0.372,0.0265,0.861,"ns","**","ns",5,5,3,5,7,5
"Gm11745",0.951,0.00952,0.951,"ns","**","ns",5,5,3,5,7,5
"1700021N21Rik",0.865,0.0133,1,"ns","**","ns",5,5,3,5,7,5
"Gm25014",0.885,0.00784,0.885,"ns","***","ns",5,5,3,5,7,5
"AC078895.2",0.0537,0.0407,1,"*","**","ns",5,5,3,5,7,5
"Gm5963",0.868,0.00144,0.868,"ns","***","ns",5,5,3,5,7,5
"Gm36569",0.59,0.000808,0.841,"ns","***","ns",5,5,3,5,7,5
"Gm13528",0.278,0.0425,0.621,"ns","**","ns",5,5,3,5,7,5
"Gm21817",0.911,0.000808,1,"ns","***","ns",5,5,3,5,7,5
"Gm19667",0.792,0.0331,1,"ns","**","ns",5,5,3,5,7,5
"Adgrf1",1,0.0012,0.137,"ns","***","ns",5,5,3,5,7,5
"Gm44116",1,0.00144,0.48,"ns","****","ns",5,5,3,5,7,5
"Gm14845",0.722,0.0337,0.75,"ns","**","ns",5,5,3,5,7,5
"Gm7514",0.682,0.0466,0.599,"ns","*","ns",5,5,3,5,7,5
"4933427E11Rik",1,0.0441,0.842,"ns","**","ns",5,5,3,5,7,5
"Gm37140",0.085,0.0218,0.653,"*","**","ns",5,5,3,5,7,5
"Gm6069",1,0.0264,0.872,"ns","**","ns",5,5,3,5,7,5
"Gm16000",0.402,0.0349,0.744,"ns","**","ns",5,5,3,5,7,5
"Tyrp1",0.837,0.00112,0.837,"ns","***","ns",5,5,3,5,7,5
"Hspe1-ps4",0.9,0.0269,1,"ns","**","ns",5,5,3,5,7,5
"Gm15900",0.493,0.00712,0.546,"ns","***","ns",5,5,3,5,7,5
"Gm48383",0.601,0.00129,0.759,"ns","***","ns",5,5,3,5,7,5
"A130048G24Rik",0.993,0.0407,0.993,"ns","*","ns",5,5,3,5,7,5
"Gm31314",0.804,0.0324,0.723,"ns","**","ns",5,5,3,5,7,5
"Gm47148",0.474,0.0244,0.528,"ns","**","ns",5,5,3,5,7,5
"Gm40841",0.459,0.0134,1,"ns","**","ns",5,5,3,5,7,5
"Gm38019",0.607,0.0443,0.712,"ns","**","ns",5,5,3,5,7,5
"Gm9062",0.539,0.0137,0.539,"ns","***","ns",5,5,3,5,7,5
"Gm13898",1,0.00207,1,"ns","***","ns",5,5,3,5,7,5
"Gm32635",0.776,0.000641,1,"ns","****","ns",5,5,3,5,7,5
"Sh2d7",0.865,0.0261,1,"ns","**","ns",5,5,3,5,7,5
"Gm48610",0.865,0.0329,0.865,"ns","**","ns",5,5,3,5,7,5
"Gm45483",0.649,0.0129,1,"ns","**","ns",5,5,3,5,7,5
"Traj6",0.872,0.0143,0.872,"ns","**","ns",5,5,3,5,7,5
"Pnmt",1,0.0358,0.861,"ns","**","ns",5,5,3,5,7,5
"Gm26943",0.175,0.0316,0.736,"ns","**","ns",5,5,3,5,7,5
"Dnmt3l-ps1",0.632,0.0358,1,"ns","**","ns",5,5,3,5,7,5
"Gm3317",1,0.004,1,"ns","***","ns",5,5,3,5,7,5
"Gm6982",1,0.0126,1,"ns","**","ns",5,5,3,5,7,5
"Gm47615",0.785,0.0458,0.785,"ns","**","ns",5,5,3,5,7,5
"Gm49340",1,0.0389,1,"ns","**","ns",5,5,3,5,7,5
"Gm18132",1,0.0423,0.859,"ns","**","ns",5,5,3,5,7,5
"Gm38123",0.487,0.0405,1,"ns","**","ns",5,5,3,5,7,5
"Gm33251",0.919,0.0299,1,"ns","**","ns",5,5,3,5,7,5
"1700025K24Rik",1,0.0126,1,"ns","**","ns",5,5,3,5,7,5
"Dlx2",1,0.0126,1,"ns","**","ns",5,5,3,5,7,5
"Gm38252",1,0.00272,1,"ns","***","ns",5,5,3,5,7,5
"4930503B20Rik",1,0.0429,1,"ns","**","ns",5,5,3,5,7,5
"Gm43312",1,0.0164,0.811,"ns","**","ns",5,5,3,5,7,5
"Oprm1",1,0.0429,1,"ns","**","ns",5,5,3,5,7,5
"Gm24277",1,0.00417,1,"ns","***","ns",5,5,3,5,7,5
"Oxct2a",1,0.0349,1,"ns","**","ns",5,5,3,5,7,5
"Gm23209",1,0.0349,1,"ns","**","ns",5,5,3,5,7,5
"4933415J04Rik",1,0.00417,1,"ns","***","ns",5,5,3,5,7,5
"Gm8330",0.533,0.0156,1,"ns","**","ns",5,5,3,5,7,5
"Gm11712",0.533,0.0156,1,"ns","**","ns",5,5,3,5,7,5
"Gm36550",1,0.0405,1,"ns","*","ns",5,5,3,5,7,5
"Lhfpl1",1,0.0429,1,"ns","*","ns",5,5,3,5,7,5
"Gm22087",1,0.00107,1,"ns","***","ns",5,5,3,5,7,5
"Gm26095",1,0.0429,1,"ns","*","ns",5,5,3,5,7,5
"Casr",1,0.0429,1,"ns","*","ns",5,5,3,5,7,5
"Gm13768",1,0.0349,1,"ns","**","ns",5,5,3,5,7,5
"Fer1l4",1,0.0349,1,"ns","**","ns",5,5,3,5,7,5
"Gm14777",1,0.0349,1,"ns","**","ns",5,5,3,5,7,5
"Gm6325",1,0.0349,1,"ns","**","ns",5,5,3,5,7,5
"Gm18120",1,0.0349,1,"ns","**","ns",5,5,3,5,7,5
"Gm17786",1,0.0349,1,"ns","**","ns",5,5,3,5,7,5
"Gm11771",1,0.0349,1,"ns","**","ns",5,5,3,5,7,5
"Gm47904",1,0.0349,1,"ns","**","ns",5,5,3,5,7,5
"Gm47404",1,0.0349,1,"ns","**","ns",5,5,3,5,7,5
"Gm34245",1,0.0349,1,"ns","**","ns",5,5,3,5,7,5
"Gm41030",1,0.0349,1,"ns","**","ns",5,5,3,5,7,5
"Gm47368",1,0.0349,1,"ns","**","ns",5,5,3,5,7,5
"Gm7856",1,0.0349,1,"ns","**","ns",5,5,3,5,7,5
"AC168220.2",1,0.0349,1,"ns","**","ns",5,5,3,5,7,5
"Gm2098",1,0.0349,1,"ns","**","ns",5,5,3,5,7,5
"Gm8731",1,0.0349,1,"ns","**","ns",5,5,3,5,7,5
